{"kpts1": [[444, 56], [294, 309], [447, 199], [436, 114], [473, 80], [314, 38], [223, 41], [181, 162], [215, 121], [240, 112], [214, 160], [260, 116], [435, 232], [368, 179], [126, 270], [317, 180], [376, 129], [468, 206], [430, 219], [155, 139], [362, 77], [471, 54], [281, 66], [433, 94], [203, 236], [249, 177], [258, 175], [368, 168], [326, 93], [334, 95], [238, 38], [381, 191], [365, 155], [264, 169], [475, 327], [363, 116], [201, 223], [249, 39], [225, 112], [349, 147], [484, 174], [348, 174], [339, 196], [192, 119], [182, 224], [333, 120], [400, 183], [279, 118], [229, 118], [267, 116]], "kpts2": [[-0.06925205141305923, -0.3713727593421936, 0.2710497975349426], [0.030370108783245087, 0.2769503891468048, -0.6356078386306763], [0.06698386371135712, 0.036884892731904984, 0.19063422083854675], [-0.05218624323606491, -0.22696270048618317, 0.3607690632343292], [0.013118363916873932, -0.34527111053466797, 0.3461223542690277], [-0.4054395854473114, -0.2940967082977295, 0.07616980373859406], [-0.5842241048812866, -0.1830144077539444, -0.08757655322551727], [-0.4200263023376465, 0.17234617471694946, -0.30428797006607056], [-0.4482453763484955, 0.04927467554807663, -0.19597239792346954], [-0.4764198660850525, -0.009523723274469376, -0.056438811123371124], [-0.37075522541999817, 0.142925426363945, -0.26165229082107544], [-0.3815672695636749, -0.0034639202058315277, -0.1146659404039383], [0.08146980404853821, 0.13343346118927002, 0.025961868464946747], [-0.16237258911132812, 0.04418974369764328, 0.24147175252437592], [-0.17012400925159454, 0.3130717873573303, -0.6678536534309387], [-0.208377406001091, 0.10215163230895996, -0.038913238793611526], [-0.12080365419387817, -0.057624660432338715, -0.0326448455452919], [0.12067686021327972, 0.04157284274697304, 0.17397695779800415], [0.05774560570716858, 0.10605470091104507, 0.07430289685726166], [-0.4824656844139099, 0.14026200771331787, -0.3395112156867981], [-0.17216213047504425, -0.15647366642951965, -0.07308931648731232], [-0.01002928614616394, -0.399257093667984, 0.2963206171989441], [-0.43908628821372986, -0.17751941084861755, 0.008736828342080116], [-0.07102899253368378, -0.2669483423233032, 0.2983952462673187], [-0.14445552229881287, 0.255557119846344, -0.5696911811828613], [-0.32602739334106445, 0.15238258242607117, -0.171890988945961], [-0.3095461428165436, 0.14031852781772614, -0.15790444612503052], [-0.11762172728776932, 0.031418316066265106, 0.016474943608045578], [-0.31543436646461487, -0.14907513558864594, 0.08331713080406189], [-0.2762499749660492, -0.1378099024295807, 0.04571038484573364], [-0.561477780342102, -0.2094583511352539, -0.057264335453510284], [-0.09888101369142532, 0.06600046157836914, 0.17856504023075104], [-0.1273602843284607, 0.007654642686247826, -0.01143680326640606], [-0.29834437370300293, 0.1245238184928894, -0.16057342290878296], [0.207889586687088, 0.27313852310180664, -0.2377801537513733], [-0.15140044689178467, -0.07682139426469803, -0.05252399295568466], [-0.16880713403224945, 0.24442243576049805, -0.544687032699585], [-0.5341288447380066, -0.21755295991897583, -0.04322709143161774], [-0.5187332630157471, 0.001504208892583847, -0.057168252766132355], [-0.15525603294372559, 0.005095989443361759, -0.06318292766809464], [0.12707488238811493, -0.08417581766843796, 0.38864246010780334], [-0.15310877561569214, 0.06129416078329086, -0.0062261163257062435], [-0.18798524141311646, 0.12030070275068283, 0.10841724276542664], [-0.5260403156280518, 0.05849891155958176, -0.18569836020469666], [-0.17270860075950623, 0.2500848174095154, -0.5836257934570312], [-0.20889006555080414, -0.04138737544417381, -0.07971220463514328], [-0.0702514499425888, 0.021730201318860054, 0.24923427402973175], [-0.32380110025405884, -0.007136929780244827, -0.12447651475667953], [-0.4369063675403595, 0.028602667152881622, -0.16016365587711334], [-0.36363548040390015, -0.008358534425497055, -0.11137528717517853]], "kpts_cmap": [[255, 0, 189], [0, 255, 198], [255, 0, 177], [255, 0, 224], [255, 0, 65], [0, 228, 255], [102, 255, 0], [255, 230, 0], [137, 255, 0], [31, 255, 0], [143, 255, 0], [0, 255, 51], [255, 0, 230], [5, 4, 255], [255, 0, 0], [0, 216, 255], [31, 0, 255], [255, 0, 88], [251, 0, 245], [255, 118, 0], [0, 27, 255], [255, 0, 77], [0, 255, 139], [255, 0, 236], [185, 255, 0], [4, 255, 7], [0, 255, 45], [5, 4, 255], [0, 175, 255], [0, 145, 255], [37, 255, 0], [54, 0, 255], [0, 15, 255], [0, 255, 68], [255, 0, 59], [0, 21, 255], [196, 255, 0], [4, 255, 7], [96, 255, 0], [0, 80, 255], [255, 0, 23], [0, 86, 255], [0, 122, 255], [232, 255, 0], [255, 236, 0], [0, 145, 255], [131, 0, 255], [0, 255, 133], [78, 255, 0], [0, 255, 80]], "line_cmap": [[255, 0, 189], [0, 255, 198], [255, 0, 177], [255, 0, 224], [255, 0, 65], [0, 228, 255], [102, 255, 0], [255, 230, 0], [137, 255, 0], [31, 255, 0], [143, 255, 0], [0, 255, 51], [255, 0, 230], [5, 4, 255], [255, 0, 0], [0, 216, 255], [31, 0, 255], [255, 0, 88], [251, 0, 245], [255, 118, 0], [0, 27, 255], [255, 0, 77], [0, 255, 139], [255, 0, 236], [185, 255, 0], [4, 255, 7], [0, 255, 45], [5, 4, 255], [0, 175, 255], [0, 145, 255], [37, 255, 0], [54, 0, 255], [0, 15, 255], [0, 255, 68], [255, 0, 59], [0, 21, 255], [196, 255, 0], [4, 255, 7], [96, 255, 0], [0, 80, 255], [255, 0, 23], [0, 86, 255], [0, 122, 255], [232, 255, 0], [255, 236, 0], [0, 145, 255], [131, 0, 255], [0, 255, 133], [78, 255, 0], [0, 255, 80]]}